{"baseline":[{"ClusterUtilization":0.71394805251268,"ConsensusFrequency":0.0,"EventCount":3875870,"FinishedJobCount":1000,"JCTScore":0.23789764868592878,"JCTScoreWeighted":0.12402428447498327,"SharpEnabledJobCount":0,"SharpRatio":0.05487301350079005,"SharpRatioWeighted":0.02967085622809454,"SharpUtilization":0.058606794291074765,"SimulatedTime":194.0976918087818,"TimeCostHostAllocation":1.7279999999999598,"TimeCostTreeBuilding":3.441999999999982,"TotalJCT":11751.963075669517,"TotalJCTWeighted":141901.4851216242,"TotalJCTWithSharp":11730.067367553711,"TotalJCTWithSharpWeighted":141580.40105342865,"TotalJCTWithoutSharp":11758.798033556843,"TotalJCTWithoutSharpWeighted":141946.94553920027,"TotalSharpTime":644.8656285119995,"TotalSharpTimeWeighted":4210.338563596808,"TotalSharpUsage":1649.439306950407,"TreeMigrationCount":0},{"ClusterUtilization":0.7141870676351075,"ConsensusFrequency":0.0,"EventCount":3875870,"FinishedJobCount":1000,"JCTScore":0.2503457814659589,"JCTScoreWeighted":0.1322636600170987,"SharpEnabledJobCount":0,"SharpRatio":0.06559521240542716,"SharpRatioWeighted":0.037641725362139535,"SharpUtilization":0.07590388489608708,"SimulatedTime":194.02860403060913,"TimeCostHostAllocation":2.179999999999955,"TimeCostTreeBuilding":8.741999999999994,"TotalJCT":11751.605432524251,"TotalJCTWeighted":141898.46502395303,"TotalJCTWithSharp":11730.067367553711,"TotalJCTWithSharpWeighted":141580.40105342865,"TotalJCTWithoutSharp":11758.798033556843,"TotalJCTWithoutSharpWeighted":141946.94553920027,"TotalSharpTime":770.8490544512,"TotalSharpTimeWeighted":5341.303049740803,"TotalSharpUsage":2415.3140716096013,"TreeMigrationCount":0},{"ClusterUtilization":0.714125465977727,"ConsensusFrequency":0.0,"EventCount":3875870,"FinishedJobCount":1000,"JCTScore":0.25449515905923903,"JCTScoreWeighted":0.16565481352976522,"SharpEnabledJobCount":0,"SharpRatio":0.07579054560729294,"SharpRatioWeighted":0.05202726295390845,"SharpUtilization":0.09058531846752667,"SimulatedTime":194.02860403060913,"TimeCostHostAllocation":1.6969999999999605,"TimeCostTreeBuilding":15.854999999999979,"TotalJCT":11751.486218142498,"TotalJCTWeighted":141886.2256807594,"TotalJCTWithSharp":11730.067367553711,"TotalJCTWithSharpWeighted":141580.40105342865,"TotalJCTWithoutSharp":11758.798033556843,"TotalJCTWithoutSharpWeighted":141946.94553920027,"TotalSharpTime":890.6515521696034,"TotalSharpTimeWeighted":7381.951973030467,"TotalSharpUsage":3251.586434265636,"TreeMigrationCount":0},{"ClusterUtilization":0.714140666386691,"ConsensusFrequency":0.0,"EventCount":3875870,"FinishedJobCount":1000,"JCTScore":0.23928077455027105,"JCTScoreWeighted":0.1574154379876498,"SharpEnabledJobCount":0,"SharpRatio":0.07951179940275409,"SharpRatioWeighted":0.0548144664315863,"SharpUtilization":0.08855631286832338,"SimulatedTime":194.02860403060913,"TimeCostHostAllocation":1.5799999999999654,"TimeCostTreeBuilding":19.347999999999978,"TotalJCT":11751.923337542268,"TotalJCTWeighted":141889.24577843057,"TotalJCTWithSharp":11730.067367553711,"TotalJCTWithSharpWeighted":141580.40105342865,"TotalJCTWithoutSharp":11758.798033556843,"TotalJCTWithoutSharpWeighted":141946.94553920027,"TotalSharpTime":934.4165710112052,"TotalSharpTimeWeighted":7777.583299724881,"TotalSharpUsage":3573.95121489924,"TreeMigrationCount":0},{"ClusterUtilization":0.7141382663221176,"ConsensusFrequency":0.0,"EventCount":3875870,"FinishedJobCount":1000,"JCTScore":0.24343015214367775,"JCTScoreWeighted":0.15871639202066135,"SharpEnabledJobCount":0,"SharpRatio":0.08306138113131613,"SharpRatioWeighted":0.056165231090374475,"SharpUtilization":0.0803939296399452,"SimulatedTime":194.02860403060913,"TimeCostHostAllocation":2.3269999999999382,"TimeCostTreeBuilding":27.15200000000001,"TotalJCT":11751.804123160511,"TotalJCTWeighted":141888.76892090353,"TotalJCTWithSharp":11730.067367553711,"TotalJCTWithSharpWeighted":141580.40105342865,"TotalJCTWithoutSharp":11758.798033556843,"TotalJCTWithoutSharpWeighted":141946.94553920027,"TotalSharpTime":976.1210812544075,"TotalSharpTimeWeighted":7969.21549557129,"TotalSharpUsage":3634.5022121536435,"TreeMigrationCount":0},{"ClusterUtilization":0.714115865719434,"ConsensusFrequency":0.0,"EventCount":3875870,"FinishedJobCount":1000,"JCTScore":0.25311203319483344,"JCTScoreWeighted":0.17085862966157325,"SharpEnabledJobCount":0,"SharpRatio":0.08336946832588164,"SharpRatioWeighted":0.05660523495815725,"SharpUtilization":0.07342536308743444,"SimulatedTime":194.02860403060913,"TimeCostHostAllocation":1.672999999999961,"TimeCostTreeBuilding":40.69299999999996,"TotalJCT":11751.525956269748,"TotalJCTWeighted":141884.31825065133,"TotalJCTWithSharp":11730.067367553711,"TotalJCTWithSharpWeighted":141580.40105342865,"TotalJCTWithoutSharp":11758.798033556843,"TotalJCTWithoutSharpWeighted":141946.94553920027,"TotalSharpTime":979.7184709920068,"TotalSharpTimeWeighted":8031.395171456077,"TotalSharpUsage":3704.1213820768357,"TreeMigrationCount":0},{"ClusterUtilization":0.714115865719434,"ConsensusFrequency":0.0,"EventCount":3875870,"FinishedJobCount":1000,"JCTScore":0.25311203319483344,"JCTScoreWeighted":0.17085862966157325,"SharpEnabledJobCount":0,"SharpRatio":0.08336946832588164,"SharpRatioWeighted":0.05660523495815725,"SharpUtilization":0.06605742007866075,"SimulatedTime":194.02860403060913,"TimeCostHostAllocation":1.824999999999953,"TimeCostTreeBuilding":56.018000000000036,"TotalJCT":11751.525956269748,"TotalJCTWeighted":141884.31825065133,"TotalJCTWithSharp":11730.067367553711,"TotalJCTWithSharpWeighted":141580.40105342865,"TotalJCTWithoutSharp":11758.798033556843,"TotalJCTWithoutSharpWeighted":141946.94553920027,"TotalSharpTime":979.7184709920068,"TotalSharpTimeWeighted":8031.395171456077,"TotalSharpUsage":3704.1213820768357,"TreeMigrationCount":0},{"ClusterUtilization":0.714115865719434,"ConsensusFrequency":0.0,"EventCount":3875870,"FinishedJobCount":1000,"JCTScore":0.25311203319483344,"JCTScoreWeighted":0.17085862966157325,"SharpEnabledJobCount":0,"SharpRatio":0.08336946832588164,"SharpRatioWeighted":0.05660523495815725,"SharpUtilization":0.05965810750854049,"SimulatedTime":194.02860403060913,"TimeCostHostAllocation":1.7759999999999527,"TimeCostTreeBuilding":68.99200000000002,"TotalJCT":11751.525956269748,"TotalJCTWeighted":141884.31825065133,"TotalJCTWithSharp":11730.067367553711,"TotalJCTWithSharpWeighted":141580.40105342865,"TotalJCTWithoutSharp":11758.798033556843,"TotalJCTWithoutSharpWeighted":141946.94553920027,"TotalSharpTime":979.7184709920068,"TotalSharpTimeWeighted":8031.395171456077,"TotalSharpUsage":3704.1213820768357,"TreeMigrationCount":0}],"mina":[{"ClusterUtilization":0.7140602642234868,"ConsensusFrequency":0.0,"EventCount":3875870,"FinishedJobCount":1000,"JCTScore":0.33886583679108234,"JCTScoreWeighted":0.20099739809171085,"SharpEnabledJobCount":0,"SharpRatio":0.09750511580546313,"SharpRatioWeighted":0.07563760292296554,"SharpUtilization":0.07075686013267149,"SimulatedTime":194.02860403060913,"TimeCostHostAllocation":75.10000000000042,"TimeCostTreeBuilding":3.5189999999999766,"TotalJCT":11749.062192380126,"TotalJCTWeighted":141873.2710512753,"TotalJCTWithSharp":11730.067367553711,"TotalJCTWithSharpWeighted":141580.40105342865,"TotalJCTWithoutSharp":11758.798033556843,"TotalJCTWithoutSharpWeighted":141946.94553920027,"TotalSharpTime":1145.5936696736128,"TotalSharpTimeWeighted":10730.954141158623,"TotalSharpUsage":1990.68394558404,"TreeMigrationCount":0},{"ClusterUtilization":0.7141935830625274,"ConsensusFrequency":0.0,"EventCount":3875870,"FinishedJobCount":1000,"JCTScore":0.3831258644535174,"JCTScoreWeighted":0.3009540329573301,"SharpEnabledJobCount":0,"SharpRatio":0.10762315150379888,"SharpRatioWeighted":0.09435719204376448,"SharpUtilization":0.08510573877845268,"SimulatedTime":193.94228638939148,"TimeCostHostAllocation":76.93800000000051,"TimeCostTreeBuilding":7.524999999999987,"TotalJCT":11747.790572308068,"TotalJCTWeighted":141836.63249794903,"TotalJCTWithSharp":11730.067367553711,